name,type1,type2,generation,hp,attack,defense,sp_attack,sp_defense,speed
Bulbasaur,grass,poison,1,45,49,49,65,65,45
Ivysaur,grass,poison,1,60,62,63,80,80,60
Venusaur,grass,poison,1,80,100,123,122,120,80
Charmander,fire,,1,39,52,43,60,50,65
Charmeleon,fire,,1,58,64,58,80,65,80
Charizard,fire,flying,1,78,104,78,159,115,100
Squirtle,water,,1,44,48,65,50,64,43
Wartortle,water,,1,59,63,80,65,80,58
Blastoise,water,,1,79,103,120,135,115,78
Caterpie,bug,,1,45,30,35,20,20,45
Metapod,bug,,1,50,20,55,25,25,30
Butterfree,bug,flying,1,60,45,50,90,80,70
Weedle,bug,poison,1,40,35,30,20,20,50
Kakuna,bug,poison,1,45,25,50,25,25,35
Beedrill,bug,poison,1,65,150,40,15,80,145
Pidgey,normal,flying,1,40,45,40,35,35,56
Pidgeotto,normal,flying,1,63,60,55,50,50,71
Pidgeot,normal,flying,1,83,80,80,135,80,121
Rattata,normal,dark,1,30,56,35,25,35,72
Raticate,normal,dark,1,75,71,70,40,80,77
Spearow,normal,flying,1,40,60,30,31,31,70
Fearow,normal,flying,1,65,90,65,61,61,100
Ekans,poison,,1,35,60,44,40,54,55
Arbok,poison,,1,60,95,69,65,79,80
Pikachu,electric,,1,35,55,40,50,50,90
Raichu,electric,electric,1,60,85,50,95,85,110
Sandshrew,ground,ice,1,50,75,90,10,35,40
Sandslash,ground,ice,1,75,100,120,25,65,65
Nidoran♀,poison,,1,55,47,52,40,40,41
Nidorina,poison,,1,70,62,67,55,55,56
Nidoqueen,poison,ground,1,90,92,87,75,85,76
Nidoran♂,poison,,1,46,57,40,40,40,50
Nidorino,poison,,1,61,72,57,55,55,65
Nidoking,poison,ground,1,81,102,77,85,75,85
Clefairy,fairy,,1,70,45,48,60,65,35
Clefable,fairy,,1,95,70,73,95,90,60
Vulpix,fire,ice,1,38,41,40,50,65,65
Ninetales,fire,ice,1,73,67,75,81,100,109
Jigglypuff,normal,fairy,1,115,45,20,45,25,20
Wigglytuff,normal,fairy,1,140,70,45,85,50,45
Zubat,poison,flying,1,40,45,35,30,40,55
Golbat,poison,flying,1,75,80,70,65,75,90
Oddish,grass,poison,1,45,50,55,75,65,30
Gloom,grass,poison,1,60,65,70,85,75,40
Vileplume,grass,poison,1,75,80,85,110,90,50
Paras,bug,grass,1,35,70,55,45,55,25
Parasect,bug,grass,1,60,95,80,60,80,30
Venonat,bug,poison,1,60,55,50,40,55,45
Venomoth,bug,poison,1,70,65,60,90,75,90
Diglett,ground,ground,1,10,55,30,35,45,90
Dugtrio,ground,ground,1,35,100,60,50,70,110
Meowth,normal,dark,1,40,35,35,50,40,90
Persian,normal,dark,1,65,60,60,75,65,115
Psyduck,water,,1,50,52,48,65,50,55
Golduck,water,,1,80,82,78,95,80,85
Mankey,fighting,,1,40,80,35,35,45,70
Primeape,fighting,,1,65,105,60,60,70,95
Growlithe,fire,,1,55,70,45,70,50,60
Arcanine,fire,,1,90,110,80,100,80,95
Poliwag,water,,1,40,50,40,40,40,90
Poliwhirl,water,,1,65,65,65,50,50,90
Poliwrath,water,fighting,1,90,95,95,70,90,70
Abra,psychic,,1,25,20,15,105,55,90
Kadabra,psychic,,1,40,35,30,120,70,105
Alakazam,psychic,,1,55,50,65,175,105,150
Machop,fighting,,1,70,80,50,35,35,35
Machoke,fighting,,1,80,100,70,50,60,45
Machamp,fighting,,1,90,130,80,65,85,55
Bellsprout,grass,poison,1,50,75,35,70,30,40
Weepinbell,grass,poison,1,65,90,50,85,45,55
Victreebel,grass,poison,1,80,105,65,100,70,70
Tentacool,water,poison,1,40,40,35,50,100,70
Tentacruel,water,poison,1,80,70,65,80,120,100
Geodude,rock,ground,1,40,80,100,30,30,20
Graveler,rock,ground,1,55,95,115,45,45,35
Golem,rock,ground,1,80,120,130,55,65,45
Ponyta,fire,,1,50,85,55,65,65,90
Rapidash,fire,,1,65,100,70,80,80,105
Slowpoke,water,psychic,1,90,65,65,40,40,15
Slowbro,water,psychic,1,95,75,180,130,80,30
Magnemite,electric,steel,1,25,35,70,95,55,45
Magneton,electric,steel,1,50,60,95,120,70,70
Farfetch'd,normal,flying,1,52,90,55,58,62,60
Doduo,normal,flying,1,35,85,45,35,35,75
Dodrio,normal,flying,1,60,110,70,60,60,110
Seel,water,,1,65,45,55,45,70,45
Dewgong,water,ice,1,90,70,80,70,95,70
Grimer,poison,poison,1,80,80,50,40,50,25
Muk,poison,poison,1,105,105,75,65,100,50
Shellder,water,,1,30,65,100,45,25,40
Cloyster,water,ice,1,50,95,180,85,45,70
Gastly,ghost,poison,1,30,35,30,100,35,80
Haunter,ghost,poison,1,45,50,45,115,55,95
Gengar,ghost,poison,1,60,65,80,170,95,130
Onix,rock,ground,1,35,45,160,30,45,70
Drowzee,psychic,,1,60,48,45,43,90,42
Hypno,psychic,,1,85,73,70,73,115,67
Krabby,water,,1,30,105,90,25,25,50
Kingler,water,,1,55,130,115,50,50,75
Voltorb,electric,,1,40,30,50,55,55,100
Electrode,electric,,1,60,50,70,80,80,150
Exeggcute,grass,psychic,1,60,40,80,60,45,40
Exeggutor,grass,psychic,1,95,105,85,125,75,45
Cubone,ground,,1,50,50,95,40,50,35
Marowak,ground,fire,1,60,80,110,50,80,45
Hitmonlee,fighting,,1,50,120,53,35,110,87
Hitmonchan,fighting,,1,50,105,79,35,110,76
Lickitung,normal,,1,90,55,75,60,75,30
Koffing,poison,,1,40,65,95,60,45,35
Weezing,poison,,1,65,90,120,85,70,60
Rhyhorn,ground,rock,1,80,85,95,30,30,25
Rhydon,ground,rock,1,105,130,120,45,45,40
Chansey,normal,,1,250,5,5,35,105,50
Tangela,grass,,1,65,55,115,100,40,60
Kangaskhan,normal,,1,105,125,100,60,100,100
Horsea,water,,1,30,40,70,70,25,60
Seadra,water,,1,55,65,95,95,45,85
Goldeen,water,,1,45,67,60,35,50,63
Seaking,water,,1,80,92,65,65,80,68
Staryu,water,,1,30,45,55,70,55,85
Starmie,water,psychic,1,60,75,85,100,85,115
Mr. Mime,psychic,fairy,1,40,45,65,100,120,90
Scyther,bug,flying,1,70,110,80,55,80,105
Jynx,ice,psychic,1,65,50,35,115,95,95
Electabuzz,electric,,1,65,83,57,95,85,105
Magmar,fire,,1,65,95,57,100,85,93
Pinsir,bug,,1,65,155,120,65,90,105
Tauros,normal,,1,75,100,95,40,70,110
Magikarp,water,,1,20,10,55,15,20,80
Gyarados,water,flying,1,95,155,109,70,130,81
Lapras,water,ice,1,130,85,80,85,95,60
Ditto,normal,,1,48,48,48,48,48,48
Eevee,normal,,1,55,55,50,45,65,55
Vaporeon,water,,1,130,65,60,110,95,65
Jolteon,electric,,1,65,65,60,110,95,130
Flareon,fire,,1,65,130,60,95,110,65
Porygon,normal,,1,65,60,70,85,75,40
Omanyte,rock,water,1,35,40,100,90,55,35
Omastar,rock,water,1,70,60,125,115,70,55
Kabuto,rock,water,1,30,80,90,55,45,55
Kabutops,rock,water,1,60,115,105,65,70,80
Aerodactyl,rock,flying,1,80,135,85,70,95,150
Snorlax,normal,,1,160,110,65,65,110,30
Articuno,ice,flying,1,90,85,100,95,125,85
Zapdos,electric,flying,1,90,90,85,125,90,100
Moltres,fire,flying,1,90,100,90,125,85,90
Dratini,dragon,,1,41,64,45,50,50,50
Dragonair,dragon,,1,61,84,65,70,70,70
Dragonite,dragon,flying,1,91,134,95,100,100,80
Mewtwo,psychic,,1,106,150,70,194,120,140
Mew,psychic,,1,100,100,100,100,100,100
Chikorita,grass,,2,45,49,65,49,65,45
Bayleef,grass,,2,60,62,80,63,80,60
Meganium,grass,,2,80,82,100,83,100,80
Cyndaquil,fire,,2,39,52,43,60,50,65
Quilava,fire,,2,58,64,58,80,65,80
Typhlosion,fire,,2,78,84,78,109,85,100
Totodile,water,,2,50,65,64,44,48,43
Croconaw,water,,2,65,80,80,59,63,58
Feraligatr,water,,2,85,105,100,79,83,78
Sentret,normal,,2,35,46,34,35,45,20
Furret,normal,,2,85,76,64,45,55,90
Hoothoot,normal,flying,2,60,30,30,36,56,50
Noctowl,normal,flying,2,100,50,50,86,96,70
Ledyba,bug,flying,2,40,20,30,40,80,55
Ledian,bug,flying,2,55,35,50,55,110,85
Spinarak,bug,poison,2,40,60,40,40,40,30
Ariados,bug,poison,2,70,90,70,60,70,40
Crobat,poison,flying,2,85,90,80,70,80,130
Chinchou,water,electric,2,75,38,38,56,56,67
Lanturn,water,electric,2,125,58,58,76,76,67
Pichu,electric,,2,20,40,15,35,35,60
Cleffa,fairy,,2,50,25,28,45,55,15
Igglybuff,normal,fairy,2,90,30,15,40,20,15
Togepi,fairy,,2,35,20,65,40,65,20
Togetic,fairy,flying,2,55,40,85,80,105,40
Natu,psychic,flying,2,40,50,45,70,45,70
Xatu,psychic,flying,2,65,75,70,95,70,95
Mareep,electric,,2,55,40,40,65,45,35
Flaaffy,electric,,2,70,55,55,80,60,45
Ampharos,electric,,2,90,95,105,165,110,45
Bellossom,grass,,2,75,80,95,90,100,50
Marill,water,fairy,2,70,20,50,20,50,40
Azumarill,water,fairy,2,100,50,80,60,80,50
Sudowoodo,rock,,2,70,100,115,30,65,30
Politoed,water,,2,90,75,75,90,100,70
Hoppip,grass,flying,2,35,35,40,35,55,50
Skiploom,grass,flying,2,55,45,50,45,65,80
Jumpluff,grass,flying,2,75,55,70,55,95,110
Aipom,normal,,2,55,70,55,40,55,85
Sunkern,grass,,2,30,30,30,30,30,30
Sunflora,grass,,2,75,75,55,105,85,30
Yanma,bug,flying,2,65,65,45,75,45,95
Wooper,water,ground,2,55,45,45,25,25,15
Quagsire,water,ground,2,95,85,85,65,65,35
Espeon,psychic,,2,65,65,60,130,95,110
Umbreon,dark,,2,95,65,110,60,130,65
Murkrow,dark,flying,2,60,85,42,85,42,91
Slowking,water,psychic,2,95,75,80,100,110,30
Misdreavus,ghost,,2,60,60,60,85,85,85
Unown,psychic,,2,48,72,48,72,48,48
Wobbuffet,psychic,,2,190,33,58,33,58,33
Girafarig,normal,psychic,2,70,80,65,90,65,85
Pineco,bug,,2,50,65,90,35,35,15
Forretress,bug,steel,2,75,90,140,60,60,40
Dunsparce,normal,,2,100,70,70,65,65,45
Gligar,ground,flying,2,65,75,105,35,65,85
Steelix,steel,ground,2,75,125,230,55,95,30
Snubbull,fairy,,2,60,80,50,40,40,30
Granbull,fairy,,2,90,120,75,60,60,45
Qwilfish,water,poison,2,65,95,85,55,55,85
Scizor,bug,steel,2,70,150,140,65,100,75
Shuckle,bug,rock,2,20,10,230,10,230,5
Heracross,bug,fighting,2,80,185,115,40,105,75
Sneasel,dark,ice,2,55,95,55,35,75,115
Teddiursa,normal,,2,60,80,50,50,50,40
Ursaring,normal,,2,90,130,75,75,75,55
Slugma,fire,,2,40,40,40,70,40,20
Magcargo,fire,rock,2,60,50,120,90,80,30
Swinub,ice,ground,2,50,50,40,30,30,50
Piloswine,ice,ground,2,100,100,80,60,60,50
Corsola,water,rock,2,65,55,95,65,95,35
Remoraid,water,,2,35,65,35,65,35,65
Octillery,water,,2,75,105,75,105,75,45
Delibird,ice,flying,2,45,55,45,65,45,75
Mantine,water,flying,2,85,40,70,80,140,70
Skarmory,steel,flying,2,65,80,140,40,70,70
Houndour,dark,fire,2,45,60,30,80,50,65
Houndoom,dark,fire,2,75,90,90,140,90,115
Kingdra,water,dragon,2,75,95,95,95,95,85
Phanpy,ground,,2,90,60,60,40,40,40
Donphan,ground,,2,90,120,120,60,60,50
Porygon2,normal,,2,85,80,90,105,95,60
Stantler,normal,,2,73,95,62,85,65,85
Smeargle,normal,,2,55,20,35,20,45,75
Tyrogue,fighting,,2,35,35,35,35,35,35
Hitmontop,fighting,,2,50,95,95,35,110,70
Smoochum,ice,psychic,2,45,30,15,85,65,65
Elekid,electric,,2,45,63,37,65,55,95
Magby,fire,,2,45,75,37,70,55,83
Miltank,normal,,2,95,80,105,40,70,100
Blissey,normal,,2,255,10,10,75,135,55
Raikou,electric,,2,90,85,75,115,100,115
Entei,fire,,2,115,115,85,90,75,100
Suicune,water,,2,100,75,115,90,115,85
Larvitar,rock,ground,2,50,64,50,45,50,41
Pupitar,rock,ground,2,70,84,70,65,70,51
Tyranitar,rock,dark,2,100,164,150,95,120,71
Lugia,psychic,flying,2,106,90,130,90,154,110
Ho-Oh,fire,flying,2,106,130,90,110,154,90
Celebi,psychic,grass,2,100,100,100,100,100,100
Treecko,grass,,3,40,45,35,65,55,70
Grovyle,grass,,3,50,65,45,85,65,95
Sceptile,grass,,3,70,110,75,145,85,145
Torchic,fire,,3,45,60,40,70,50,45
Combusken,fire,fighting,3,60,85,60,85,60,55
Blaziken,fire,fighting,3,80,160,80,130,80,100
Mudkip,water,,3,50,70,50,50,50,40
Marshtomp,water,ground,3,70,85,70,60,70,50
Swampert,water,ground,3,100,150,110,95,110,70
Poochyena,dark,,3,35,55,35,30,30,35
Mightyena,dark,,3,70,90,70,60,60,70
Zigzagoon,normal,,3,38,30,41,30,41,60
Linoone,normal,,3,78,70,61,50,61,100
Wurmple,bug,,3,45,45,35,20,30,20
Silcoon,bug,,3,50,35,55,25,25,15
Beautifly,bug,flying,3,60,70,50,100,50,65
Cascoon,bug,,3,50,35,55,25,25,15
Dustox,bug,poison,3,60,50,70,50,90,65
Lotad,water,grass,3,40,30,30,40,50,30
Lombre,water,grass,3,60,50,50,60,70,50
Ludicolo,water,grass,3,80,70,70,90,100,70
Seedot,grass,,3,40,40,50,30,30,30
Nuzleaf,grass,dark,3,70,70,40,60,40,60
Shiftry,grass,dark,3,90,100,60,90,60,80
Taillow,normal,flying,3,40,55,30,30,30,85
Swellow,normal,flying,3,60,85,60,75,50,125
Wingull,water,flying,3,40,30,30,55,30,85
Pelipper,water,flying,3,60,50,100,95,70,65
Ralts,psychic,fairy,3,28,25,25,45,35,40
Kirlia,psychic,fairy,3,38,35,35,65,55,50
Gardevoir,psychic,fairy,3,68,85,65,165,135,100
Surskit,bug,water,3,40,30,32,50,52,65
Masquerain,bug,flying,3,70,60,62,100,82,80
Shroomish,grass,,3,60,40,60,40,60,35
Breloom,grass,fighting,3,60,130,80,60,60,70
Slakoth,normal,,3,60,60,60,35,35,30
Vigoroth,normal,,3,80,80,80,55,55,90
Slaking,normal,,3,150,160,100,95,65,100
Nincada,bug,ground,3,31,45,90,30,30,40
Ninjask,bug,flying,3,61,90,45,50,50,160
Shedinja,bug,ghost,3,1,90,45,30,30,40
Whismur,normal,,3,64,51,23,51,23,28
Loudred,normal,,3,84,71,43,71,43,48
Exploud,normal,,3,104,91,63,91,73,68
Makuhita,fighting,,3,72,60,30,20,30,25
Hariyama,fighting,,3,144,120,60,40,60,50
Azurill,normal,fairy,3,50,20,40,20,40,20
Nosepass,rock,,3,30,45,135,45,90,30
Skitty,normal,,3,50,45,45,35,35,50
Delcatty,normal,,3,70,65,65,55,55,90
Sableye,dark,ghost,3,50,85,125,85,115,20
Mawile,steel,fairy,3,50,105,125,55,95,50
Aron,steel,rock,3,50,70,100,40,40,30
Lairon,steel,rock,3,60,90,140,50,50,40
Aggron,steel,rock,3,70,140,230,60,80,50
Meditite,fighting,psychic,3,30,40,55,40,55,60
Medicham,fighting,psychic,3,60,100,85,80,85,100
Electrike,electric,,3,40,45,40,65,40,65
Manectric,electric,,3,70,75,80,135,80,135
Plusle,electric,,3,60,50,40,85,75,95
Minun,electric,,3,60,40,50,75,85,95
Volbeat,bug,,3,65,73,75,47,85,85
Illumise,bug,,3,65,47,75,73,85,85
Roselia,grass,poison,3,50,60,45,100,80,65
Gulpin,poison,,3,70,43,53,43,53,40
Swalot,poison,,3,100,73,83,73,83,55
Carvanha,water,dark,3,45,90,20,65,20,65
Sharpedo,water,dark,3,70,140,70,110,65,105
Wailmer,water,,3,130,70,35,70,35,60
Wailord,water,,3,170,90,45,90,45,60
Numel,fire,ground,3,60,60,40,65,45,35
Camerupt,fire,ground,3,70,120,100,145,105,20
Torkoal,fire,,3,70,85,140,85,70,20
Spoink,psychic,,3,60,25,35,70,80,60
Grumpig,psychic,,3,80,45,65,90,110,80
Spinda,normal,,3,60,60,60,60,60,60
Trapinch,ground,,3,45,100,45,45,45,10
Vibrava,ground,dragon,3,50,70,50,50,50,70
Flygon,ground,dragon,3,80,100,80,80,80,100
Cacnea,grass,,3,50,85,40,85,40,35
Cacturne,grass,dark,3,70,115,60,115,60,55
Swablu,normal,flying,3,45,40,60,40,75,50
Altaria,dragon,flying,3,75,110,110,110,105,80
Zangoose,normal,,3,73,115,60,60,60,90
Seviper,poison,,3,73,100,60,100,60,65
Lunatone,rock,psychic,3,90,55,65,95,85,70
Solrock,rock,psychic,3,90,95,85,55,65,70
Barboach,water,ground,3,50,48,43,46,41,60
Whiscash,water,ground,3,110,78,73,76,71,60
Corphish,water,,3,43,80,65,50,35,35
Crawdaunt,water,dark,3,63,120,85,90,55,55
Baltoy,ground,psychic,3,40,40,55,40,70,55
Claydol,ground,psychic,3,60,70,105,70,120,75
Lileep,rock,grass,3,66,41,77,61,87,23
Cradily,rock,grass,3,86,81,97,81,107,43
Anorith,rock,bug,3,45,95,50,40,50,75
Armaldo,rock,bug,3,75,125,100,70,80,45
Feebas,water,,3,20,15,20,10,55,80
Milotic,water,,3,95,60,79,100,125,81
Castform,normal,,3,70,70,70,70,70,70
Kecleon,normal,,3,60,90,70,60,120,40
Shuppet,ghost,,3,44,75,35,63,33,45
Banette,ghost,,3,64,165,75,93,83,75
Duskull,ghost,,3,20,40,90,30,90,25
Dusclops,ghost,,3,40,70,130,60,130,25
Tropius,grass,flying,3,99,68,83,72,87,51
Chimecho,psychic,,3,75,50,80,95,90,65
Absol,dark,,3,65,150,60,115,60,115
Wynaut,psychic,,3,95,23,48,23,48,23
Snorunt,ice,,3,50,50,50,50,50,50
Glalie,ice,,3,80,120,80,120,80,100
Spheal,ice,water,3,70,40,50,55,50,25
Sealeo,ice,water,3,90,60,70,75,70,45
Walrein,ice,water,3,110,80,90,95,90,65
Clamperl,water,,3,35,64,85,74,55,32
Huntail,water,,3,55,104,105,94,75,52
Gorebyss,water,,3,55,84,105,114,75,52
Relicanth,water,rock,3,100,90,130,45,65,55
Luvdisc,water,,3,43,30,55,40,65,97
Bagon,dragon,,3,45,75,60,40,30,50
Shelgon,dragon,,3,65,95,100,60,50,50
Salamence,dragon,flying,3,95,145,130,120,90,120
Beldum,steel,psychic,3,40,55,80,35,60,30
Metang,steel,psychic,3,60,75,100,55,80,50
Metagross,steel,psychic,3,80,145,150,105,110,110
Regirock,rock,,3,80,100,200,50,100,50
Regice,ice,,3,80,50,100,100,200,50
Registeel,steel,,3,80,75,150,75,150,50
Latias,dragon,psychic,3,80,100,120,140,150,110
Latios,dragon,psychic,3,80,130,100,160,120,110
Kyogre,water,,3,100,150,90,180,160,90
Groudon,ground,,3,100,180,160,150,90,90
Rayquaza,dragon,flying,3,105,180,100,180,100,115
Jirachi,steel,psychic,3,100,100,100,100,100,100
Deoxys,psychic,,3,50,95,90,95,90,180
Turtwig,grass,,4,55,68,64,45,55,31
Grotle,grass,,4,75,89,85,55,65,36
Torterra,grass,ground,4,95,109,105,75,85,56
Chimchar,fire,,4,44,58,44,58,44,61
Monferno,fire,fighting,4,64,78,52,78,52,81
Infernape,fire,fighting,4,76,104,71,104,71,108
Piplup,water,,4,53,51,53,61,56,40
Prinplup,water,,4,64,66,68,81,76,50
Empoleon,water,steel,4,84,86,88,111,101,60
Starly,normal,flying,4,40,55,30,30,30,60
Staravia,normal,flying,4,55,75,50,40,40,80
Staraptor,normal,flying,4,85,120,70,50,60,100
Bidoof,normal,,4,59,45,40,35,40,31
Bibarel,normal,water,4,79,85,60,55,60,71
Kricketot,bug,,4,37,25,41,25,41,25
Kricketune,bug,,4,77,85,51,55,51,65
Shinx,electric,,4,45,65,34,40,34,45
Luxio,electric,,4,60,85,49,60,49,60
Luxray,electric,,4,80,120,79,95,79,70
Budew,grass,poison,4,40,30,35,50,70,55
Roserade,grass,poison,4,60,70,65,125,105,90
Cranidos,rock,,4,67,125,40,30,30,58
Rampardos,rock,,4,97,165,60,65,50,58
Shieldon,rock,steel,4,30,42,118,42,88,30
Bastiodon,rock,steel,4,60,52,168,47,138,30
Burmy,bug,,4,40,29,45,29,45,36
Wormadam,bug,grass,4,60,69,95,69,95,36
Mothim,bug,flying,4,70,94,50,94,50,66
Combee,bug,flying,4,30,30,42,30,42,70
Vespiquen,bug,flying,4,70,80,102,80,102,40
Pachirisu,electric,,4,60,45,70,45,90,95
Buizel,water,,4,55,65,35,60,30,85
Floatzel,water,,4,85,105,55,85,50,115
Cherubi,grass,,4,45,35,45,62,53,35
Cherrim,grass,,4,70,60,70,87,78,85
Shellos,water,,4,76,48,48,57,62,34
Gastrodon,water,ground,4,111,83,68,92,82,39
Ambipom,normal,,4,75,100,66,60,66,115
Drifloon,ghost,flying,4,90,50,34,60,44,70
Drifblim,ghost,flying,4,150,80,44,90,54,80
Buneary,normal,,4,55,66,44,44,56,85
Lopunny,normal,,4,65,136,94,54,96,135
Mismagius,ghost,,4,60,60,60,105,105,105
Honchkrow,dark,flying,4,100,125,52,105,52,71
Glameow,normal,,4,49,55,42,42,37,85
Purugly,normal,,4,71,82,64,64,59,112
Chingling,psychic,,4,45,30,50,65,50,45
Stunky,poison,dark,4,63,63,47,41,41,74
Skuntank,poison,dark,4,103,93,67,71,61,84
Bronzor,steel,psychic,4,57,24,86,24,86,23
Bronzong,steel,psychic,4,67,89,116,79,116,33
Bonsly,rock,,4,50,80,95,10,45,10
Mime Jr.,psychic,fairy,4,20,25,45,70,90,60
Happiny,normal,,4,100,5,5,15,65,30
Chatot,normal,flying,4,76,65,45,92,42,91
Spiritomb,ghost,dark,4,50,92,108,92,108,35
Gible,dragon,ground,4,58,70,45,40,45,42
Gabite,dragon,ground,4,68,90,65,50,55,82
Garchomp,dragon,ground,4,108,170,115,120,95,92
Munchlax,normal,,4,135,85,40,40,85,5
Riolu,fighting,,4,40,70,40,35,40,60
Lucario,fighting,steel,4,70,145,88,140,70,112
Hippopotas,ground,,4,68,72,78,38,42,32
Hippowdon,ground,,4,108,112,118,68,72,47
Skorupi,poison,bug,4,40,50,90,30,55,65
Drapion,poison,dark,4,70,90,110,60,75,95
Croagunk,poison,fighting,4,48,61,40,61,40,50
Toxicroak,poison,fighting,4,83,106,65,86,65,85
Carnivine,grass,,4,74,100,72,90,72,46
Finneon,water,,4,49,49,56,49,61,66
Lumineon,water,,4,69,69,76,69,86,91
Mantyke,water,flying,4,45,20,50,60,120,50
Snover,grass,ice,4,60,62,50,62,60,40
Abomasnow,grass,ice,4,90,132,105,132,105,30
Weavile,dark,ice,4,70,120,65,45,85,125
Magnezone,electric,steel,4,70,70,115,130,90,60
Lickilicky,normal,,4,110,85,95,80,95,50
Rhyperior,ground,rock,4,115,140,130,55,55,40
Tangrowth,grass,,4,100,100,125,110,50,50
Electivire,electric,,4,75,123,67,95,85,95
Magmortar,fire,,4,75,95,67,125,95,83
Togekiss,fairy,flying,4,85,50,95,120,115,80
Yanmega,bug,flying,4,86,76,86,116,56,95
Leafeon,grass,,4,65,110,130,60,65,95
Glaceon,ice,,4,65,60,110,130,95,65
Gliscor,ground,flying,4,75,95,125,45,75,95
Mamoswine,ice,ground,4,110,130,80,70,60,80
Porygon-Z,normal,,4,85,80,70,135,75,90
Gallade,psychic,fighting,4,68,165,95,65,115,110
Probopass,rock,steel,4,60,55,145,75,150,40
Dusknoir,ghost,,4,45,100,135,65,135,45
Froslass,ice,ghost,4,70,80,70,80,70,110
Rotom,electric,ghost,4,50,65,107,105,107,86
Uxie,psychic,,4,75,75,130,75,130,95
Mesprit,psychic,,4,80,105,105,105,105,80
Azelf,psychic,,4,75,125,70,125,70,115
Dialga,steel,dragon,4,100,120,120,150,100,90
Palkia,water,dragon,4,90,120,100,150,120,100
Heatran,fire,steel,4,91,90,106,130,106,77
Regigigas,normal,,4,110,160,110,80,110,100
Giratina,ghost,dragon,4,150,120,100,120,100,90
Cresselia,psychic,,4,120,70,120,75,130,85
Phione,water,,4,80,80,80,80,80,80
Manaphy,water,,4,100,100,100,100,100,100
Darkrai,dark,,4,70,90,90,135,90,125
Shaymin,grass,grass,4,100,103,75,120,75,127
Arceus,normal,,4,120,120,120,120,120,120
Victini,psychic,fire,5,100,100,100,100,100,100
Snivy,grass,,5,45,45,55,45,55,63
Servine,grass,,5,60,60,75,60,75,83
Serperior,grass,,5,75,75,95,75,95,113
Tepig,fire,,5,65,63,45,45,45,45
Pignite,fire,fighting,5,90,93,55,70,55,55
Emboar,fire,fighting,5,110,123,65,100,65,65
Oshawott,water,,5,55,55,45,63,45,45
Dewott,water,,5,75,75,60,83,60,60
Samurott,water,,5,95,100,85,108,70,70
Patrat,normal,,5,45,55,39,35,39,42
Watchog,normal,,5,60,85,69,60,69,77
Lillipup,normal,,5,45,60,45,25,45,55
Herdier,normal,,5,65,80,65,35,65,60
Stoutland,normal,,5,85,110,90,45,90,80
Purrloin,dark,,5,41,50,37,50,37,66
Liepard,dark,,5,64,88,50,88,50,106
Pansage,grass,,5,50,53,48,53,48,64
Simisage,grass,,5,75,98,63,98,63,101
Pansear,fire,,5,50,53,48,53,48,64
Simisear,fire,,5,75,98,63,98,63,101
Panpour,water,,5,50,53,48,53,48,64
Simipour,water,,5,75,98,63,98,63,101
Munna,psychic,,5,76,25,45,67,55,24
Musharna,psychic,,5,116,55,85,107,95,29
Pidove,normal,flying,5,50,55,50,36,30,43
Tranquill,normal,flying,5,62,77,62,50,42,65
Unfezant,normal,flying,5,80,115,80,65,55,93
Blitzle,electric,,5,45,60,32,50,32,76
Zebstrika,electric,,5,75,100,63,80,63,116
Roggenrola,rock,,5,55,75,85,25,25,15
Boldore,rock,,5,70,105,105,50,40,20
Gigalith,rock,,5,85,135,130,60,80,25
Woobat,psychic,flying,5,65,45,43,55,43,72
Swoobat,psychic,flying,5,67,57,55,77,55,114
Drilbur,ground,,5,60,85,40,30,45,68
Excadrill,ground,steel,5,110,135,60,50,65,88
Audino,normal,,5,103,60,126,80,126,50
Timburr,fighting,,5,75,80,55,25,35,35
Gurdurr,fighting,,5,85,105,85,40,50,40
Conkeldurr,fighting,,5,105,140,95,55,65,45
Tympole,water,,5,50,50,40,50,40,64
Palpitoad,water,ground,5,75,65,55,65,55,69
Seismitoad,water,ground,5,105,95,75,85,75,74
Throh,fighting,,5,120,100,85,30,85,45
Sawk,fighting,,5,75,125,75,30,75,85
Sewaddle,bug,grass,5,45,53,70,40,60,42
Swadloon,bug,grass,5,55,63,90,50,80,42
Leavanny,bug,grass,5,75,103,80,70,80,92
Venipede,bug,poison,5,30,45,59,30,39,57
Whirlipede,bug,poison,5,40,55,99,40,79,47
Scolipede,bug,poison,5,60,100,89,55,69,112
Cottonee,grass,fairy,5,40,27,60,37,50,66
Whimsicott,grass,fairy,5,60,67,85,77,75,116
Petilil,grass,,5,45,35,50,70,50,30
Lilligant,grass,,5,70,60,75,110,75,90
Basculin,water,,5,70,92,65,80,55,98
Sandile,ground,dark,5,50,72,35,35,35,65
Krokorok,ground,dark,5,60,82,45,45,45,74
Krookodile,ground,dark,5,95,117,80,65,70,92
Darumaka,fire,,5,70,90,45,15,45,50
Darmanitan,fire,fire,5,105,30,105,140,105,55
Maractus,grass,,5,75,86,67,106,67,60
Dwebble,bug,rock,5,50,65,85,35,35,55
Crustle,bug,rock,5,70,105,125,65,75,45
Scraggy,dark,fighting,5,50,75,70,35,70,48
Scrafty,dark,fighting,5,65,90,115,45,115,58
Sigilyph,psychic,flying,5,72,58,80,103,80,97
Yamask,ghost,,5,38,30,85,55,65,30
Cofagrigus,ghost,,5,58,50,145,95,105,30
Tirtouga,water,rock,5,54,78,103,53,45,22
Carracosta,water,rock,5,74,108,133,83,65,32
Archen,rock,flying,5,55,112,45,74,45,70
Archeops,rock,flying,5,75,140,65,112,65,110
Trubbish,poison,,5,50,50,62,40,62,65
Garbodor,poison,,5,80,95,82,60,82,75
Zorua,dark,,5,40,65,40,80,40,65
Zoroark,dark,,5,60,105,60,120,60,105
Minccino,normal,,5,55,50,40,40,40,75
Cinccino,normal,,5,75,95,60,65,60,115
Gothita,psychic,,5,45,30,50,55,65,45
Gothorita,psychic,,5,60,45,70,75,85,55
Gothitelle,psychic,,5,70,55,95,95,110,65
Solosis,psychic,,5,45,30,40,105,50,20
Duosion,psychic,,5,65,40,50,125,60,30
Reuniclus,psychic,,5,110,65,75,125,85,30
Ducklett,water,flying,5,62,44,50,44,50,55
Swanna,water,flying,5,75,87,63,87,63,98
Vanillite,ice,,5,36,50,50,65,60,44
Vanillish,ice,,5,51,65,65,80,75,59
Vanilluxe,ice,,5,71,95,85,110,95,79
Deerling,normal,grass,5,60,60,50,40,50,75
Sawsbuck,normal,grass,5,80,100,70,60,70,95
Emolga,electric,flying,5,55,75,60,75,60,103
Karrablast,bug,,5,50,75,45,40,45,60
Escavalier,bug,steel,5,70,135,105,60,105,20
Foongus,grass,poison,5,69,55,45,55,55,15
Amoonguss,grass,poison,5,114,85,70,85,80,30
Frillish,water,ghost,5,55,40,50,65,85,40
Jellicent,water,ghost,5,100,60,70,85,105,60
Alomomola,water,,5,165,75,80,40,45,65
Joltik,bug,electric,5,50,47,50,57,50,65
Galvantula,bug,electric,5,70,77,60,97,60,108
Ferroseed,grass,steel,5,44,50,91,24,86,10
Ferrothorn,grass,steel,5,74,94,131,54,116,20
Klink,steel,,5,40,55,70,45,60,30
Klang,steel,,5,60,80,95,70,85,50
Klinklang,steel,,5,60,100,115,70,85,90
Tynamo,electric,,5,35,55,40,45,40,60
Eelektrik,electric,,5,65,85,70,75,70,40
Eelektross,electric,,5,85,115,80,105,80,50
Elgyem,psychic,,5,55,55,55,85,55,30
Beheeyem,psychic,,5,75,75,75,125,95,40
Litwick,ghost,fire,5,50,30,55,65,55,20
Lampent,ghost,fire,5,60,40,60,95,60,55
Chandelure,ghost,fire,5,60,55,90,145,90,80
Axew,dragon,,5,46,87,60,30,40,57
Fraxure,dragon,,5,66,117,70,40,50,67
Haxorus,dragon,,5,76,147,90,60,70,97
Cubchoo,ice,,5,55,70,40,60,40,40
Beartic,ice,,5,95,130,80,70,80,50
Cryogonal,ice,,5,80,50,50,95,135,105
Shelmet,bug,,5,50,40,85,40,65,25
Accelgor,bug,,5,80,70,40,100,60,145
Stunfisk,ground,electric,5,109,66,84,81,99,32
Mienfoo,fighting,,5,45,85,50,55,50,65
Mienshao,fighting,,5,65,125,60,95,60,105
Druddigon,dragon,,5,77,120,90,60,90,48
Golett,ground,ghost,5,59,74,50,35,50,35
Golurk,ground,ghost,5,89,124,80,55,80,55
Pawniard,dark,steel,5,45,85,70,40,40,60
Bisharp,dark,steel,5,65,125,100,60,70,70
Bouffalant,normal,,5,95,110,95,40,95,55
Rufflet,normal,flying,5,70,83,50,37,50,60
Braviary,normal,flying,5,100,123,75,57,75,80
Vullaby,dark,flying,5,70,55,75,45,65,60
Mandibuzz,dark,flying,5,110,65,105,55,95,80
Heatmor,fire,,5,85,97,66,105,66,65
Durant,bug,steel,5,58,109,112,48,48,109
Deino,dark,dragon,5,52,65,50,45,50,38
Zweilous,dark,dragon,5,72,85,70,65,70,58
Hydreigon,dark,dragon,5,92,105,90,125,90,98
Larvesta,bug,fire,5,55,85,55,50,55,60
Volcarona,bug,fire,5,85,60,65,135,105,100
Cobalion,steel,fighting,5,91,90,129,90,72,108
Terrakion,rock,fighting,5,91,129,90,72,90,108
Virizion,grass,fighting,5,91,90,72,90,129,108
Tornadus,flying,,5,79,100,80,110,90,121
Thundurus,electric,flying,5,79,105,70,145,80,101
Reshiram,dragon,fire,5,100,120,100,150,120,90
Zekrom,dragon,electric,5,100,150,120,120,100,90
Landorus,ground,flying,5,89,145,90,105,80,91
Kyurem,dragon,ice,5,125,120,90,170,100,95
Keldeo,water,fighting,5,91,72,90,129,90,108
Meloetta,normal,psychic,5,100,128,90,77,77,128
Genesect,bug,steel,5,71,120,95,120,95,99
Chespin,grass,,6,56,61,65,48,45,38
Quilladin,grass,,6,61,78,95,56,58,57
Chesnaught,grass,fighting,6,88,107,122,74,75,64
Fennekin,fire,,6,40,45,40,62,60,60
Braixen,fire,,6,59,59,58,90,70,73
Delphox,fire,psychic,6,75,69,72,114,100,104
Froakie,water,,6,41,56,40,62,44,71
Frogadier,water,,6,54,63,52,83,56,97
Greninja,water,dark,6,72,145,67,153,71,132
Bunnelby,normal,,6,38,36,38,32,36,57
Diggersby,normal,ground,6,85,56,77,50,77,78
Fletchling,normal,flying,6,45,50,43,40,38,62
Fletchinder,fire,flying,6,62,73,55,56,52,84
Talonflame,fire,flying,6,78,81,71,74,69,126
Scatterbug,bug,,6,38,35,40,27,25,35
Spewpa,bug,,6,45,22,60,27,30,29
Vivillon,bug,flying,6,80,52,50,90,50,89
Litleo,fire,normal,6,62,50,58,73,54,72
Pyroar,fire,normal,6,86,68,72,109,66,106
Flabébé,fairy,,6,44,38,39,61,79,42
Floette,fairy,,6,74,65,67,125,128,92
Florges,fairy,,6,78,65,68,112,154,75
Skiddo,grass,,6,66,65,48,62,57,52
Gogoat,grass,,6,123,100,62,97,81,68
Pancham,fighting,,6,67,82,62,46,48,43
Pangoro,fighting,dark,6,95,124,78,69,71,58
Furfrou,normal,,6,75,80,60,65,90,102
Espurr,psychic,,6,62,48,54,63,60,68
Meowstic,psychic,,6,74,48,76,83,81,104
Honedge,steel,ghost,6,45,80,100,35,37,28
Doublade,steel,ghost,6,59,110,150,45,49,35
Aegislash,steel,ghost,6,60,150,50,150,50,60
Spritzee,fairy,,6,78,52,60,63,65,23
Aromatisse,fairy,,6,101,72,72,99,89,29
Swirlix,fairy,,6,62,48,66,59,57,49
Slurpuff,fairy,,6,82,80,86,85,75,72
Inkay,dark,psychic,6,53,54,53,37,46,45
Malamar,dark,psychic,6,86,92,88,68,75,73
Binacle,rock,water,6,42,52,67,39,56,50
Barbaracle,rock,water,6,72,105,115,54,86,68
Skrelp,poison,water,6,50,60,60,60,60,30
Dragalge,poison,dragon,6,65,75,90,97,123,44
Clauncher,water,,6,50,53,62,58,63,44
Clawitzer,water,,6,71,73,88,120,89,59
Helioptile,electric,normal,6,44,38,33,61,43,70
Heliolisk,electric,normal,6,62,55,52,109,94,109
Tyrunt,rock,dragon,6,58,89,77,45,45,48
Tyrantrum,rock,dragon,6,82,121,119,69,59,71
Amaura,rock,ice,6,77,59,50,67,63,46
Aurorus,rock,ice,6,123,77,72,99,92,58
Sylveon,fairy,,6,95,65,65,110,130,60
Hawlucha,fighting,flying,6,78,92,75,74,63,118
Dedenne,electric,fairy,6,67,58,57,81,67,101
Carbink,rock,fairy,6,50,50,150,50,150,50
Goomy,dragon,,6,45,50,35,55,75,40
Sliggoo,dragon,,6,68,75,53,83,113,60
Goodra,dragon,,6,90,100,70,110,150,80
Klefki,steel,fairy,6,57,80,91,80,87,75
Phantump,ghost,grass,6,43,70,48,50,60,38
Trevenant,ghost,grass,6,85,110,76,65,82,56
Pumpkaboo,ghost,grass,6,59,66,70,44,55,41
Gourgeist,ghost,grass,6,85,100,122,58,75,54
Bergmite,ice,,6,55,69,85,32,35,28
Avalugg,ice,,6,95,117,184,44,46,28
Noibat,flying,dragon,6,40,30,35,45,40,55
Noivern,flying,dragon,6,85,70,80,97,80,123
Xerneas,fairy,,6,126,131,95,131,98,99
Yveltal,dark,flying,6,126,131,95,131,98,99
Zygarde,dragon,ground,6,216,100,121,91,95,85
Diancie,rock,fairy,6,50,160,110,160,110,110
Hoopa,psychic,ghost,6,80,160,60,170,130,80
Volcanion,fire,water,6,80,110,120,130,90,70
Rowlet,grass,flying,7,68,55,55,50,50,42
Dartrix,grass,flying,7,78,75,75,70,70,52
Decidueye,grass,ghost,7,78,107,75,100,100,70
Litten,fire,,7,45,65,40,60,40,70
Torracat,fire,,7,65,85,50,80,50,90
Incineroar,fire,dark,7,95,115,90,80,90,60
Popplio,water,,7,50,54,54,66,56,40
Brionne,water,,7,60,69,69,91,81,50
Primarina,water,fairy,7,80,74,74,126,116,60
Pikipek,normal,flying,7,35,75,30,30,30,65
Trumbeak,normal,flying,7,55,85,50,40,50,75
Toucannon,normal,flying,7,80,120,75,75,75,60
Yungoos,normal,,7,48,70,30,30,30,45
Gumshoos,normal,,7,88,110,60,55,60,45
Grubbin,bug,,7,47,62,45,55,45,46
Charjabug,bug,electric,7,57,82,95,55,75,36
Vikavolt,bug,electric,7,77,70,90,145,75,43
Crabrawler,fighting,,7,47,82,57,42,47,63
Crabominable,fighting,ice,7,97,132,77,62,67,43
Oricorio,fire,flying,7,75,70,70,98,70,93
Cutiefly,bug,fairy,7,40,45,40,55,40,84
Ribombee,bug,fairy,7,60,55,60,95,70,124
Rockruff,rock,,7,45,65,40,30,40,60
Lycanroc,rock,,7,85,115,75,55,75,82
Wishiwashi,water,,7,45,140,130,140,135,30
Mareanie,poison,water,7,50,53,62,43,52,45
Toxapex,poison,water,7,50,63,152,53,142,35
Mudbray,ground,,7,70,100,70,45,55,45
Mudsdale,ground,,7,100,125,100,55,85,35
Dewpider,water,bug,7,38,40,52,40,72,27
Araquanid,water,bug,7,68,70,92,50,132,42
Fomantis,grass,,7,40,55,35,50,35,35
Lurantis,grass,,7,70,105,90,80,90,45
Morelull,grass,fairy,7,40,35,55,65,75,15
Shiinotic,grass,fairy,7,60,45,80,90,100,30
Salandit,poison,fire,7,48,44,40,71,40,77
Salazzle,poison,fire,7,68,64,60,111,60,117
Stufful,normal,fighting,7,70,75,50,45,50,50
Bewear,normal,fighting,7,120,125,80,55,60,60
Bounsweet,grass,,7,42,30,38,30,38,32
Steenee,grass,,7,52,40,48,40,48,62
Tsareena,grass,,7,72,120,98,50,98,72
Comfey,fairy,,7,51,52,90,82,110,100
Oranguru,normal,psychic,7,90,60,80,90,110,60
Passimian,fighting,,7,100,120,90,40,60,80
Wimpod,bug,water,7,25,35,40,20,30,80
Golisopod,bug,water,7,75,125,140,60,90,40
Sandygast,ghost,ground,7,55,55,80,70,45,15
Palossand,ghost,ground,7,85,75,110,100,75,35
Pyukumuku,water,,7,55,60,130,30,130,5
Type: Null,normal,,7,95,95,95,95,95,59
Silvally,normal,,7,95,95,95,95,95,95
Minior,rock,flying,7,60,100,60,100,60,120
Komala,normal,,7,65,115,65,75,95,65
Turtonator,fire,dragon,7,60,78,135,91,85,36
Togedemaru,electric,steel,7,65,98,63,40,73,96
Mimikyu,ghost,fairy,7,55,90,80,50,105,96
Bruxish,water,psychic,7,68,105,70,70,70,92
Drampa,normal,dragon,7,78,60,85,135,91,36
Dhelmise,ghost,grass,7,70,131,100,86,90,40
Jangmo-o,dragon,,7,45,55,65,45,45,45
Hakamo-o,dragon,fighting,7,55,75,90,65,70,65
Kommo-o,dragon,fighting,7,75,110,125,100,105,85
Tapu Koko,electric,fairy,7,70,115,85,95,75,130
Tapu Lele,psychic,fairy,7,70,85,75,130,115,95
Tapu Bulu,grass,fairy,7,70,130,115,85,95,75
Tapu Fini,water,fairy,7,70,75,115,95,130,85
Cosmog,psychic,,7,43,29,31,29,31,37
Cosmoem,psychic,,7,43,29,131,29,131,37
Solgaleo,psychic,steel,7,137,137,107,113,89,97
Lunala,psychic,ghost,7,137,113,89,137,107,97
Nihilego,rock,poison,7,109,53,47,127,131,103
Buzzwole,bug,fighting,7,107,139,139,53,53,79
Pheromosa,bug,fighting,7,71,137,37,137,37,151
Xurkitree,electric,,7,83,89,71,173,71,83
Celesteela,steel,flying,7,97,101,103,107,101,61
Kartana,grass,steel,7,59,181,131,59,31,109
Guzzlord,dark,dragon,7,223,101,53,97,53,43
Necrozma,psychic,,7,97,107,101,127,89,79
Magearna,steel,fairy,7,80,95,115,130,115,65
